elapsed_time,highest_quality,iteration
1,3470,1
5,3606,2
6,3606,3
10,3606,4
11,3606,5
15,3606,6
16,3606,7
19,4256,8
22,4256,9
25,4256,10
28,4256,11
30,4256,12
32,4256,13
34,4256,14
35,4256,15
37,4256,16
39,4256,17
41,4256,18
42,4256,19
44,4256,20
45,4256,21
48,4256,22
50,4256,23
53,4256,24
55,4256,25
58,4256,26
62,4256,27
63,4256,28
65,4256,29
67,4256,30
68,4256,31
70,4256,32
72,4256,33
75,4256,34
78,4256,35
81,4256,36
84,4405,37
86,4405,38
88,4405,39
90,4405,40
91,4405,41
94,4405,42
96,4405,43
98,4405,44
100,4405,45
103,4405,46
106,4405,47
107,4405,48
112,4405,49
115,4405,50
117,4405,51
119,4405,52
122,4405,53
123,4405,54
125,4405,55
127,4405,56
129,4405,57
132,4405,58
134,4405,59
136,4405,60
139,4405,61
143,4405,62
145,4405,63
148,4405,64
151,4405,65
155,4405,66
158,4405,67
161,4405,68
164,4405,69
167,4405,70
168,4405,71
171,4405,72
172,4405,73
174,4405,74
175,4405,75
176,4405,76
179,4405,77
180,4405,78
182,4405,79
183,4405,80
186,4405,81
190,4405,82
191,4405,83
194,4405,84
196,4405,85
199,4405,86
201,4405,87
203,4405,88
205,4405,89
207,4405,90
209,4405,91
211,4405,92
214,4405,93
215,4405,94
219,4405,95
220,4405,96
223,4405,97
226,4405,98
227,4405,99
228,4405,100
232,4405,101
235,4405,102
238,4405,103
240,4405,104
242,4405,105
243,4405,106
245,4405,107
246,4405,108
250,4405,109
251,4405,110
254,4405,111
256,4405,112
259,4405,113
260,4405,114
263,4405,115
264,4405,116
265,4405,117
269,4405,118
272,4405,119
274,4405,120
276,4405,121
280,4405,122
282,4405,123
284,4405,124
286,4405,125
288,4405,126
292,4405,127
293,4405,128
297,4405,129
299,4405,130
302,4405,131
304,4405,132
306,4405,133
309,4405,134
312,4405,135
313,4405,136
317,4405,137
319,4405,138
322,4405,139
324,4405,140
326,4405,141
329,4405,142
333,4405,143
337,4405,144
339,4405,145
342,4405,146
345,4405,147
346,4405,148
350,4405,149
352,4405,150
355,4405,151
356,4405,152
360,4405,153
361,4405,154
362,4405,155
363,4405,156
364,4405,157
366,4405,158
368,4405,159
369,4405,160
371,4405,161
372,4405,162
375,4405,163
377,4405,164
382,4405,165
384,4405,166
388,4405,167
389,4405,168
390,4405,169
392,4405,170
394,4405,171
398,4405,172
400,4405,173
404,4405,174
405,4405,175
409,4405,176
413,4405,177
415,4405,178
416,4405,179
418,4405,180
421,4405,181
422,4405,182
425,4405,183
429,4405,184
432,4405,185
433,4405,186
436,4405,187
440,4405,188
441,4405,189
442,4405,190
445,4405,191
447,4405,192
450,4405,193
454,4405,194
458,4405,195
459,4405,196
461,4405,197
462,4405,198
466,4405,199
467,4405,200
469,4405,201
471,4405,202
473,4405,203
474,4405,204
476,4405,205
479,4405,206
481,4405,207
483,4405,208
486,4405,209
490,4405,210
491,4405,211
494,4405,212
497,4405,213
499,4405,214
502,4405,215
504,4405,216
506,4405,217
510,4405,218
513,4405,219
515,4405,220
516,4405,221
519,4405,222
520,4405,223
522,4405,224
524,4405,225
527,4405,226
529,4405,227
532,4405,228
533,4405,229
536,4405,230
539,4405,231
541,4405,232
542,4405,233
544,4405,234
546,4405,235
547,4405,236
549,4405,237
551,4405,238
553,4405,239
556,4405,240
558,4405,241
560,4405,242
564,4405,243
565,4405,244
567,4405,245
571,4405,246
572,4405,247
573,4405,248
577,4405,249
580,4405,250
582,4405,251
583,4405,252
586,4405,253
590,4405,254
593,4405,255
595,4405,256
598,4405,257
601,4405,258
602,4405,259
604,4405,260
605,4405,261
606,4405,262
609,4405,263
611,4405,264
613,4405,265
616,4405,266
619,4405,267
621,4405,268
623,4405,269
626,4405,270
629,4405,271
632,4405,272
633,4405,273
635,4405,274
636,4405,275
639,4405,276
641,4405,277
643,4405,278
646,4405,279
648,4405,280
650,4405,281
652,4405,282
654,4562,283
658,4562,284
659,4562,285
660,4562,286
661,4562,287
665,4562,288
666,4562,289
669,4562,290
672,4562,291
676,4562,292
678,4562,293
681,4562,294
683,4562,295
684,4562,296
686,4562,297
689,4562,298
690,4562,299
692,4562,300
693,4562,301
695,4562,302
698,4562,303
701,4562,304
704,4562,305
707,4562,306
710,4562,307
712,4562,308
715,4562,309
716,4562,310
717,4562,311
720,4562,312
722,4562,313
725,4562,314
727,4562,315
729,4562,316
733,4562,317
734,4562,318
736,4562,319
738,4562,320
740,4562,321
742,4562,322
744,4562,323
746,4562,324
748,4562,325
751,4562,326
754,4562,327
756,4562,328
759,4562,329
761,4562,330
763,4562,331
764,4562,332
767,4562,333
769,4562,334
773,4562,335
776,4562,336
778,4562,337
780,4562,338
784,4562,339
787,4562,340
788,4562,341
791,4562,342
794,4562,343
796,4562,344
798,4562,345
801,4562,346
804,4562,347
805,4562,348
809,4562,349
810,4562,350
813,4562,351
816,4562,352
819,4562,353
821,4562,354
823,4562,355
825,4562,356
826,4562,357
828,4562,358
832,4562,359
834,4562,360
836,4562,361
840,4562,362
842,4562,363
845,4562,364
847,4562,365
850,4562,366
853,4562,367
854,4562,368
856,4562,369
858,4562,370
861,4562,371
862,4562,372
865,4562,373
867,4562,374
870,4562,375
872,4562,376
875,4562,377
876,4562,378
879,4562,379
882,4562,380
883,4562,381
886,4562,382
888,4562,383
892,4562,384
893,4562,385
895,4562,386
896,4562,387
897,4562,388
899,4562,389
900,4562,390
903,4562,391
906,4562,392
909,4562,393
911,4562,394
913,4562,395
915,4562,396
917,4562,397
918,4562,398
920,4562,399
923,4562,400
926,4562,401
928,4562,402
930,4562,403
932,4562,404
933,4562,405
935,4562,406
938,4562,407
942,4562,408
943,4562,409
944,4562,410
946,4562,411
949,4562,412
951,4562,413
955,4562,414
957,4562,415
958,4562,416
961,4562,417
962,4562,418
965,4562,419
966,4562,420
967,4562,421
971,4562,422
972,4562,423
976,4562,424
979,4562,425
983,4562,426
985,4562,427
988,4562,428
989,4562,429
992,4562,430
995,4562,431
997,4562,432
998,4562,433
999,4562,434
1003,4562,435
1004,4562,436
1007,4562,437
1010,4562,438
1012,4562,439
1014,4562,440
1016,4562,441
1019,4562,442
1022,4562,443
1024,4562,444
1027,4562,445
1029,4562,446
1030,4562,447
1031,4562,448
1035,4562,449
1037,4562,450
1039,4562,451
1041,4562,452
1044,4562,453
1047,4562,454
1050,4562,455
1053,4562,456
1054,4562,457
1057,4562,458
1058,4562,459
1060,4562,460
1062,4562,461
1063,4562,462
1066,4562,463
1068,4562,464
1071,4562,465
1072,4562,466
1074,4562,467
1078,4562,468
1079,4562,469
1080,4562,470
1081,4562,471
1083,4562,472
1085,4562,473
1088,4562,474
1089,4562,475
1091,4562,476
1093,4562,477
1095,4562,478
1097,4562,479
1098,4562,480
1099,4562,481
1101,4562,482
1105,4562,483
1109,4562,484
1112,4562,485
1116,4562,486
1119,4562,487
1122,4562,488
1123,4562,489
1125,4562,490
1128,4562,491
1132,4562,492
1136,4562,493
1139,4562,494
1140,4562,495
1142,4562,496
1145,4562,497
1148,4562,498
1152,4562,499
1154,4562,500
1155,4562,501
1156,4562,502
1158,4562,503
1160,4562,504
1161,4562,505
1162,4562,506
1164,4562,507
1167,4562,508
1168,4562,509
1170,4562,510
1174,4562,511
1175,4562,512
1179,4562,513
1181,4562,514
1184,4562,515
1185,4562,516
1186,4562,517
1187,4562,518
1191,4562,519
1192,4562,520
1194,4562,521
1197,4562,522
1201,4562,523
1204,4562,524
1207,4562,525
1209,4562,526
1211,4562,527
1215,4600,528
1218,4600,529
1219,4600,530
1221,4600,531
1223,4600,532
1226,4600,533
1227,4600,534
1229,4600,535
1233,4600,536
1236,4600,537
1238,4600,538
1240,4600,539
1242,4600,540
1245,4600,541
1246,4600,542
1248,4600,543
1251,4600,544
1253,4600,545
1255,4600,546
1258,4600,547
1261,4600,548
1262,4600,549
1265,4600,550
1267,4600,551
1270,4600,552
1272,4600,553
1274,4600,554
1277,4600,555
1280,4600,556
1283,4600,557
1286,4600,558
1288,4600,559
1292,4600,560
1293,4600,561
1294,4600,562
1298,4600,563
1300,4600,564
1302,4600,565
1303,4600,566
1305,4600,567
1308,4600,568
1311,4600,569
1314,4600,570
1318,4600,571
1319,4600,572
1321,4600,573
1323,4600,574
1325,4600,575
1328,4600,576
1330,4600,577
1332,4600,578
1335,4600,579
1338,4600,580
1340,4600,581
1343,4600,582
1345,4600,583
1348,4600,584
1350,4600,585
1352,4600,586
1355,4600,587
1357,4600,588
1361,4600,589
1364,4600,590
1366,4600,591
1368,4600,592
1371,4600,593
1372,4600,594
1373,4600,595
1377,4600,596
1380,4600,597
1382,4600,598
1383,4600,599
1384,4600,600
1386,4600,601
1389,4600,602
1391,4600,603
1393,4600,604
1395,4600,605
1396,4600,606
1398,4600,607
1401,4600,608
1402,4600,609
1403,4600,610
1405,4600,611
1407,4600,612
1409,4600,613
1411,4600,614
1412,4600,615
1413,4600,616
1415,4600,617
1417,4600,618
1418,4600,619
1421,4600,620
1425,4600,621
1426,4600,622
1427,4600,623
1431,4600,624
1433,4600,625
1435,4600,626
1439,4600,627
1440,4600,628
1442,4600,629
1444,4600,630
1445,4600,631
1446,4600,632
1448,4600,633
1451,4600,634
1453,4600,635
1455,4600,636
1457,4600,637
1459,4600,638
1463,4600,639
1464,4600,640
1468,4600,641
1470,4600,642
1472,4600,643
1475,4600,644
1477,4600,645
1479,4600,646
1481,4600,647
1484,4600,648
1485,4600,649
1488,4600,650
1490,4600,651
1491,4600,652
1494,4600,653
1497,4600,654
1498,4600,655
1501,4600,656
1503,4600,657
1504,4600,658
1507,4600,659
1509,4600,660
1510,4600,661
1512,4600,662
1514,4600,663
1517,4600,664
1518,4600,665
1519,4600,666
1520,4600,667
1523,4600,668
1524,4600,669
1528,4600,670
1529,4600,671
1530,4600,672
1533,4600,673
1536,4600,674
1538,4600,675
1541,4600,676
1542,4600,677
1546,4600,678
1547,4600,679
1550,4600,680
1554,4600,681
1555,4600,682
1557,4600,683
1559,4600,684
1561,4600,685
1563,4600,686
1566,4600,687
1569,4600,688
1571,4600,689
1574,4600,690
1577,4600,691
1580,4600,692
1581,4600,693
1583,4600,694
1584,4600,695
1587,4600,696
1590,4600,697
1592,4600,698
1595,4600,699
1597,4600,700
1599,4600,701
1602,4600,702
1603,4600,703
1605,4600,704
1607,4600,705
1609,4600,706
1612,4600,707
1615,4600,708
1616,4600,709
1619,4600,710
1621,4600,711
1622,4600,712
1624,4600,713
1626,4600,714
1628,4600,715
1631,4600,716
1633,4600,717
1635,4600,718
1636,4600,719
1638,4600,720
1640,4600,721
1641,4600,722
1645,4600,723
1647,4600,724
1650,4600,725
1652,4600,726
1655,4600,727
1658,4600,728
1661,4600,729
1663,4600,730
1666,4600,731
1667,4600,732
1671,4600,733
1673,4600,734
1676,4600,735
1679,4600,736
1680,4600,737
1682,4600,738
1684,4600,739
1687,4600,740
1690,4600,741
1692,4600,742
1696,4600,743
1699,4600,744
1700,4600,745
1701,4600,746
1704,4600,747
1707,4600,748
1709,4600,749
1711,4600,750
1712,4600,751
1714,4600,752
1716,4600,753
1718,4600,754
1720,4600,755
1722,4600,756
1723,4600,757
1725,4600,758
1726,4600,759
1728,4600,760
1729,4600,761
1731,4600,762
1734,4600,763
1737,4600,764
1740,4600,765
1743,4600,766
1744,4600,767
1746,4600,768
1749,4600,769
1752,4600,770
1753,4600,771
1755,4600,772
1759,4600,773
1762,4600,774
1765,4600,775
1769,4600,776
1770,4600,777
1772,4600,778
1773,4600,779
1774,4600,780
1775,4600,781
1778,4600,782
1779,4600,783
1780,4600,784
1782,4600,785
1784,4600,786
1788,4600,787
1791,4600,788
1794,4600,789
1798,4600,790
1800,4600,791
1801,4600,792
1805,4600,793
1808,4600,794
1812,4600,795
1813,4600,796
1815,4600,797
1817,4600,798
1818,4600,799
1821,4600,800
1823,4600,801
1826,4600,802
1828,4600,803
1829,4600,804
1832,4600,805
1835,4600,806
1836,4600,807
1838,4600,808
1842,4600,809
1843,4600,810
1844,4600,811
1846,4600,812
1849,4600,813
1852,4600,814
1854,4600,815
1856,4600,816
1857,4600,817
1860,4600,818
1861,4600,819
1863,4600,820
1864,4600,821
1867,4600,822
1869,4600,823
1870,4600,824
1872,4600,825
1874,4600,826
1876,4600,827
1878,4600,828
1881,4600,829
1883,4600,830
1885,4600,831
1888,4600,832
1890,4600,833
1893,4600,834
1897,4600,835
1899,4600,836
1901,4600,837
1904,4600,838
1906,4600,839
1908,4600,840
1911,4600,841
1914,4600,842
1916,4600,843
1919,4600,844
1922,4600,845
1925,4600,846
1928,4600,847
1930,4600,848
1932,4600,849
1934,4600,850
1935,4600,851
1938,4600,852
1939,4600,853
1942,4600,854
1943,4600,855
1946,4600,856
1949,4600,857
1950,4600,858
1954,4600,859
1955,4600,860
1957,4600,861
1959,4600,862
1961,4600,863
1962,4600,864
1964,4600,865
1967,4600,866
1968,4600,867
1971,4600,868
1974,4600,869
1976,4600,870
1978,4600,871
1980,4600,872
1984,4600,873
1985,4600,874
1987,4600,875
1989,4600,876
1991,4600,877
1994,4600,878
1997,4600,879
2001,4600,880
2004,4600,881
2006,4600,882
2008,4600,883
2012,4600,884
2016,4600,885
2017,4600,886
2019,4600,887
2020,4600,888
2021,4600,889
2024,4600,890
2025,4600,891
2028,4600,892
2030,4600,893
2033,4600,894
2036,4600,895
2038,4600,896
2040,4600,897
2043,4600,898
2046,4600,899
2047,4600,900
2051,4600,901
2053,4600,902
2056,4600,903
2059,4600,904
2061,4600,905
2065,4600,906
2066,4600,907
2069,4600,908
2070,4600,909
2073,4600,910
2075,4600,911
2078,4600,912
2080,4600,913
2082,4600,914
2085,4600,915
2088,4600,916
2091,4600,917
2094,4600,918
2098,4600,919
2101,4600,920
2102,4600,921
2105,4600,922
2107,4600,923
2108,4600,924
2109,4600,925
2111,4600,926
2112,4600,927
2115,4600,928
2118,4600,929
2122,4600,930
2124,4600,931
2127,4600,932
2128,4600,933
2130,4600,934
2133,4600,935
2136,4600,936
2140,4600,937
2142,4600,938
2144,4600,939
2147,4600,940
2149,4600,941
2153,4600,942
2155,4600,943
2156,4600,944
2160,4600,945
2163,4600,946
2166,4600,947
2168,4600,948
2170,4600,949
2171,4600,950
2172,4600,951
2175,4600,952
2177,4600,953
2180,4600,954
2183,4600,955
2186,4600,956
2188,4600,957
2191,4600,958
2193,4703,959
2195,4703,960
2198,4703,961
2199,4703,962
2201,4703,963
2202,4703,964
2204,4703,965
2205,4703,966
2208,4703,967
2210,4703,968
2212,4703,969
2214,4703,970
2216,4703,971
2220,4703,972
2223,4703,973
2225,4703,974
2226,4703,975
2228,4703,976
2231,4703,977
2233,4703,978
2236,4703,979
2237,4703,980
2239,4703,981
2240,4703,982
2241,4703,983
2242,4703,984
2246,4703,985
2247,4703,986
2249,4703,987
2251,4703,988
2253,4703,989
2256,4703,990
2258,4703,991
2261,4703,992
2263,4703,993
2264,4703,994
2267,4703,995
2270,4703,996
2272,4703,997
2274,4703,998
2277,4703,999
2278,4703,1000
2280,4703,1001
2282,4703,1002
2284,4703,1003
2288,4703,1004
2290,4703,1005
2292,4703,1006
2294,4703,1007
2297,4703,1008
2300,4703,1009
2302,4703,1010
2304,4703,1011
2307,4703,1012
2310,4703,1013
2312,4703,1014
2315,4703,1015
2318,4703,1016
2319,4703,1017
2322,4703,1018
2325,4703,1019
2326,4703,1020
2328,4703,1021
2329,4703,1022
2331,4703,1023
2332,4703,1024
2335,4703,1025
2337,4703,1026
2339,4703,1027
2341,4703,1028
2343,4703,1029
2347,4703,1030
2349,4703,1031
2352,4703,1032
2353,4703,1033
2356,4703,1034
2359,4703,1035
2360,4703,1036
2363,4703,1037
2365,4703,1038
2367,4703,1039
2369,4703,1040
2372,4703,1041
2375,4703,1042
2378,4703,1043
2379,4703,1044
2382,4703,1045
2385,4703,1046
2389,4703,1047
2391,4703,1048
2393,4703,1049
2395,4703,1050
2397,4703,1051
2401,4703,1052
2402,4703,1053
2403,4703,1054
2404,4703,1055
2407,4703,1056
2411,4703,1057
2415,4703,1058
2418,4703,1059
2421,4703,1060
2424,4703,1061
2426,4703,1062
2428,4703,1063
2430,4703,1064
2432,4703,1065
2434,4703,1066
2436,4703,1067
2439,4703,1068
2441,4703,1069
2443,4703,1070
2445,4703,1071
2448,4703,1072
2452,4703,1073
2455,4703,1074
2458,4703,1075
2460,4703,1076
2461,4703,1077
2463,4703,1078
2466,4703,1079
2470,4703,1080
2471,4703,1081
2474,4703,1082
2477,4703,1083
2480,4703,1084
2483,4703,1085
2485,4703,1086
2487,4703,1087
2490,4703,1088
2491,4703,1089
2492,4703,1090
2495,4703,1091
2498,4703,1092
2500,4703,1093
2503,4703,1094
2506,4703,1095
2508,4703,1096
2510,4703,1097
2512,4703,1098
2513,4703,1099
2515,4703,1100
2517,4703,1101
2520,4703,1102
2523,4703,1103
2524,4703,1104
2528,4703,1105
2530,4703,1106
2533,4703,1107
2534,4703,1108
2537,4703,1109
2541,4703,1110
2544,4703,1111
2546,4703,1112
2547,4703,1113
2549,4703,1114
2551,4703,1115
2552,4703,1116
2554,4703,1117
2555,4703,1118
2556,4703,1119
2559,4703,1120
2561,4703,1121
2565,4703,1122
2566,4703,1123
2570,4703,1124
2571,4703,1125
2574,4703,1126
2576,4703,1127
2578,4703,1128
2582,4703,1129
2583,4703,1130
2587,4703,1131
2588,4703,1132
2590,4703,1133
2594,4703,1134
2595,4703,1135
2598,4703,1136
2599,4703,1137
2601,4703,1138
2604,4703,1139
2607,4703,1140
2611,4703,1141
2613,4703,1142
2617,4703,1143
2618,4703,1144
2621,4703,1145
2623,4703,1146
2626,4703,1147
2629,4703,1148
2632,4703,1149
2634,4703,1150
2636,4703,1151
2639,4703,1152
2641,4703,1153
2642,4703,1154
2644,4703,1155
2645,4703,1156
2647,4703,1157
2649,4703,1158
2650,4703,1159
2653,4703,1160
2656,4703,1161
2659,4703,1162
2662,4703,1163
2664,4703,1164
2666,4703,1165
2667,4703,1166
2670,4703,1167
2672,4703,1168
2675,4703,1169
2677,4703,1170
2678,4703,1171
2680,4703,1172
2682,4703,1173
2686,4703,1174
2688,4703,1175
2691,4703,1176
2693,4703,1177
2696,4703,1178
2698,4703,1179
2700,4703,1180
2702,4703,1181
2705,4703,1182
2709,4703,1183
2711,4703,1184
2714,4703,1185
2717,4703,1186
2719,4703,1187
2722,4703,1188
2723,4703,1189
2726,4703,1190
2727,4703,1191
2731,4703,1192
2734,4703,1193
2735,4703,1194
2737,4703,1195
2739,4703,1196
2742,4703,1197
2744,4703,1198
2746,4703,1199
2748,4703,1200
2751,4703,1201
2754,4703,1202
2757,4703,1203
2761,4703,1204
2763,4703,1205
2766,4703,1206
2767,4703,1207
2769,4703,1208
2772,4703,1209
2774,4703,1210
2776,4703,1211
2780,4703,1212
2781,4703,1213
2783,4703,1214
2785,4703,1215
2786,4703,1216
2788,4703,1217
2790,4703,1218
2791,4703,1219
2794,4703,1220
2795,4703,1221
2798,4703,1222
2801,4703,1223
2804,4703,1224
2806,4703,1225
2809,4703,1226
2813,4703,1227
2815,4703,1228
2818,4703,1229
2820,4703,1230
2822,4703,1231
2825,4703,1232
2827,4703,1233
2830,4703,1234
2833,4703,1235
2834,4703,1236
2838,4703,1237
2840,4703,1238
2843,4703,1239
2844,4703,1240
2846,4703,1241
2847,4703,1242
2850,4703,1243
2852,4703,1244
2855,4703,1245
2856,4703,1246
2859,4703,1247
2862,4703,1248
2865,4703,1249
2867,4703,1250
2869,4703,1251
2872,4703,1252
2875,4703,1253
2876,4703,1254
2877,4703,1255
2880,4703,1256
2882,4703,1257
2884,4703,1258
2886,4703,1259
2888,4703,1260
2890,4703,1261
2892,4703,1262
2894,4703,1263
2897,4703,1264
2898,4703,1265
2900,4703,1266
2904,4703,1267
2906,4703,1268
2908,4703,1269
2911,4703,1270
2913,4703,1271
2916,4703,1272
2918,4703,1273
2920,4703,1274
2921,4703,1275
2923,4703,1276
2927,4703,1277
2930,4703,1278
2932,4703,1279
2933,4703,1280
2936,4703,1281
2937,4703,1282
2941,4703,1283
2944,4703,1284
2947,4703,1285
2950,4703,1286
2952,4703,1287
2955,4703,1288
2957,4703,1289
2959,4703,1290
2961,4703,1291
2964,4703,1292
2968,4703,1293
2971,4703,1294
2974,4703,1295
2975,4703,1296
2977,4703,1297
2980,4703,1298
2983,4703,1299
2985,4703,1300
2988,4703,1301
2990,4703,1302
2994,4703,1303
2997,4703,1304
3000,4703,1305
3001,4703,1306
3004,4703,1307
3006,4703,1308
3007,4703,1309
3009,4703,1310
3012,4703,1311
3013,4703,1312
3015,4703,1313
3017,4703,1314
3019,4703,1315
3022,4703,1316
3023,4703,1317
3025,4703,1318
3026,4703,1319
3029,4703,1320
3032,4703,1321
3034,4703,1322
3035,4703,1323
3038,4703,1324
3041,4703,1325
3043,4703,1326
3045,4703,1327
3048,4703,1328
3052,4703,1329
3055,4703,1330
3056,4703,1331
3060,4703,1332
3061,4703,1333
3065,4703,1334
3067,4703,1335
3068,4703,1336
3070,4703,1337
3073,4703,1338
3076,4703,1339
3077,4703,1340
3079,4703,1341
3081,4703,1342
3084,4703,1343
3088,4703,1344
3090,4703,1345
3093,4703,1346
3095,4703,1347
3097,4703,1348
3099,4703,1349
3101,4703,1350
3103,4703,1351
3104,4703,1352
3105,4703,1353
3109,4703,1354
3110,4703,1355
3113,4703,1356
3116,4703,1357
3117,4703,1358
3120,4703,1359
3121,4703,1360
3125,4703,1361
3126,4703,1362
3127,4703,1363
3130,4703,1364
3133,4703,1365
3136,4703,1366
3139,4703,1367
3142,4703,1368
3145,4703,1369
3149,4703,1370
3152,4703,1371
3153,4703,1372
3155,4703,1373
3157,4703,1374
3159,4703,1375
3160,4703,1376
3161,4703,1377
3165,4703,1378
3168,4703,1379
3171,4703,1380
3173,4703,1381
3176,4703,1382
3179,4703,1383
3183,4703,1384
3186,4703,1385
3188,4703,1386
3190,4703,1387
3191,4703,1388
3193,4703,1389
3196,4703,1390
3197,4703,1391
3198,4703,1392
3201,4703,1393
3203,4703,1394
3205,4703,1395
3207,4703,1396
3209,4703,1397
3210,4703,1398
3211,4703,1399
3213,4703,1400
3215,4703,1401
3216,4703,1402
3218,4703,1403
3221,4703,1404
3222,4703,1405
3225,4703,1406
3226,4703,1407
3228,4703,1408
3230,4703,1409
3231,4703,1410
3232,4703,1411
3235,4703,1412
3238,4703,1413
3240,4703,1414
3244,4703,1415
3247,4703,1416
3248,4703,1417
3250,4703,1418
3252,4703,1419
3254,4703,1420
3257,4703,1421
3258,4703,1422
3262,4703,1423
3265,4703,1424
3266,4703,1425
3269,4703,1426
3270,4703,1427
3272,4703,1428
3274,4703,1429
3276,4703,1430
3277,4703,1431
3279,4703,1432
3280,4703,1433
3284,4703,1434
3287,4703,1435
3289,4703,1436
3290,4703,1437
3292,4703,1438
3293,4703,1439
3296,4703,1440
3297,4703,1441
3300,4703,1442
3301,4703,1443
3303,4703,1444
3305,4703,1445
3309,4703,1446
3311,4703,1447
3313,4703,1448
3314,4703,1449
3318,4703,1450
3321,4703,1451
3324,4703,1452
3327,4703,1453
3331,4703,1454
3332,4703,1455
3334,4703,1456
3337,4703,1457
3339,4703,1458
3343,4703,1459
3346,4703,1460
3348,4703,1461
3350,4703,1462
3353,4703,1463
3355,4703,1464
3358,4703,1465
3361,4703,1466
3363,4703,1467
3365,4703,1468
3367,4703,1469
3370,4703,1470
3372,4703,1471
3374,4703,1472
3375,4703,1473
3376,4703,1474
3377,4703,1475
3379,4703,1476
3381,4703,1477
3383,4703,1478
3386,4703,1479
3387,4703,1480
3390,4703,1481
3391,4703,1482
3395,4703,1483
3396,4703,1484
3399,4703,1485
3401,4703,1486
3404,4703,1487
3406,4703,1488
3408,4703,1489
3410,4703,1490
3412,4703,1491
3414,4703,1492
3415,4703,1493
3418,4703,1494
3421,4703,1495
3423,4703,1496
3426,4703,1497
3428,4703,1498
3429,4703,1499
3430,4703,1500
3433,4703,1501
3435,4703,1502
3438,4703,1503
3439,4703,1504
3442,4703,1505
3443,4703,1506
3445,4703,1507
3446,4703,1508
3449,4703,1509
3451,4703,1510
3453,4703,1511
3456,4703,1512
3458,4703,1513
3461,4703,1514
3464,4703,1515
3466,4703,1516
3469,4703,1517
3471,4703,1518
3475,4703,1519
3478,4703,1520
3480,4703,1521
3481,4703,1522
3485,4703,1523
3487,4703,1524
3489,4703,1525
3490,4703,1526
3492,4703,1527
3495,4703,1528
3497,4703,1529
3499,4703,1530
3502,4703,1531
3505,4703,1532
3509,4703,1533
3512,4703,1534
3515,4703,1535
3516,4703,1536
3520,4703,1537
3522,4703,1538
3524,4703,1539
3527,4703,1540
3530,4703,1541
3533,4703,1542
3534,4703,1543
3536,4703,1544
3537,4703,1545
3539,4703,1546
3541,4703,1547
3544,4703,1548
3546,4703,1549
3548,4703,1550
3550,4703,1551
3553,4703,1552
3555,4703,1553
3557,4703,1554
3558,4703,1555
3560,4703,1556
3562,4703,1557
3563,4703,1558
3566,4703,1559
3569,4703,1560
3571,4703,1561
3574,4703,1562
3578,4703,1563
3581,4703,1564
3583,4703,1565
3586,4703,1566
3588,4703,1567
3591,4703,1568
3595,4703,1569
3596,4703,1570
3598,4703,1571
3601,4703,1572
3604,4703,1573
3605,4703,1574
3607,4703,1575
3608,4703,1576
3609,4703,1577
3611,4703,1578
3614,4703,1579
3617,4703,1580
3619,4703,1581
3621,4703,1582
3624,4703,1583
3625,4703,1584
3627,4703,1585
3629,4703,1586
3633,4703,1587
3634,4703,1588
3635,4703,1589
3639,4703,1590
3641,4703,1591
3644,4703,1592
3645,4703,1593
3649,4703,1594
3651,4703,1595
3653,4703,1596
3655,4703,1597
3659,4703,1598
3662,4703,1599
3666,4703,1600
3668,4703,1601
3669,4703,1602
3672,4703,1603
3674,4703,1604
3676,4703,1605
3677,4703,1606
3679,4703,1607
3683,4703,1608
3684,4703,1609
3686,4703,1610
3689,4703,1611
3693,4703,1612
3694,4703,1613
3695,4703,1614
3699,4703,1615
3700,4703,1616
3701,4703,1617
3703,4703,1618
3705,4703,1619
3706,4703,1620
3709,4703,1621
3712,4703,1622
3715,4703,1623
3718,4703,1624
3721,4703,1625
3725,4703,1626
3726,4703,1627
3730,4703,1628
3733,4703,1629
3736,4703,1630
3739,4703,1631
3740,4703,1632
3741,4703,1633
3743,4703,1634
3747,4703,1635
3751,4703,1636
3752,4703,1637
3756,4703,1638
3760,4703,1639
3762,4703,1640
3765,4703,1641
3766,4703,1642
3767,4703,1643
3770,4703,1644
3772,4703,1645
3774,4703,1646
3776,4703,1647
3780,4703,1648
3783,4703,1649
3785,4703,1650
3787,4703,1651
3788,4703,1652
3791,4703,1653
3793,4703,1654
3797,4703,1655
3798,4703,1656
3801,4703,1657
3804,4703,1658
3805,4703,1659
3806,4703,1660
3807,4703,1661
3809,4703,1662
3810,4703,1663
3811,4703,1664
3815,4703,1665
3816,4703,1666
3820,4703,1667
3823,4703,1668
3827,4703,1669
3829,4703,1670
3833,4703,1671
3835,4703,1672
3837,4703,1673
3839,4703,1674
3843,4703,1675
3844,4703,1676
3847,4703,1677
3849,4703,1678
3851,4703,1679
3854,4703,1680
3857,4703,1681
3858,4703,1682
3860,4703,1683
3863,4703,1684
3866,4703,1685
3870,4703,1686
3872,4703,1687
3876,4703,1688
3878,4703,1689
3879,4703,1690
3882,4703,1691
3883,4703,1692
3886,4703,1693
3888,4703,1694
3891,4703,1695
3895,4703,1696
3897,4703,1697
3898,4703,1698
3901,4703,1699
3904,4703,1700
3906,4703,1701
3907,4703,1702
3910,4703,1703
3914,4703,1704
3917,4703,1705
3919,4703,1706
3920,4703,1707
3922,4703,1708
3923,4703,1709
3926,4703,1710
3928,4703,1711
3931,4703,1712
3934,4703,1713
3935,4703,1714
3938,4703,1715
3940,4703,1716
3944,4703,1717
3947,4703,1718
3950,4703,1719
3952,4703,1720
3954,4703,1721
3955,4703,1722
3957,4703,1723
3960,4703,1724
3963,4703,1725
3965,4703,1726
3966,4703,1727
3970,4703,1728
3971,4703,1729
3973,4703,1730
3974,4703,1731
3976,4703,1732
3978,4703,1733
3982,4703,1734
3984,4703,1735
3987,4703,1736
3988,4703,1737
3990,4703,1738
3992,4703,1739
3996,4703,1740
3999,4703,1741
4003,4703,1742
4007,4703,1743
4009,4703,1744
4012,4703,1745
4016,4703,1746
4019,4703,1747
4021,4703,1748
4023,4703,1749
4026,4703,1750
4029,4703,1751
4031,4703,1752
4033,4703,1753
4035,4703,1754
4037,4703,1755
4040,4703,1756
4042,4703,1757
4045,4703,1758
4048,4703,1759
4052,4703,1760
4054,4703,1761
4057,4703,1762
4058,4703,1763
4061,4703,1764
4063,4703,1765
4066,4703,1766
4067,4703,1767
4069,4703,1768
4073,4703,1769
4076,4703,1770
4079,4703,1771
4082,4703,1772
4086,4703,1773
4088,4703,1774
4090,4703,1775
4093,4703,1776
4096,4703,1777
4099,4703,1778
4102,4703,1779
4103,4703,1780
4106,4703,1781
4108,4703,1782
4110,4703,1783
4112,4703,1784
4114,4703,1785
4117,4703,1786
4121,4703,1787
4124,4703,1788
4128,4703,1789
4130,4703,1790
4133,4703,1791
4136,4703,1792
4140,4703,1793
4143,4703,1794
4145,4703,1795
4148,4703,1796
4149,4703,1797
4152,4703,1798
4154,4703,1799
4156,4703,1800
4159,4703,1801
4161,4703,1802
4163,4703,1803
4166,4703,1804
4169,4703,1805
4171,4703,1806
4174,4703,1807
4175,4703,1808
4177,4703,1809
4178,4703,1810
4180,4703,1811
4183,4703,1812
4185,4703,1813
4187,4703,1814
4189,4703,1815
4191,4703,1816
4193,4703,1817
4194,4703,1818
4197,4703,1819
4199,4703,1820
4202,4703,1821
4205,4703,1822
4207,4703,1823
4208,4703,1824
4209,4703,1825
4212,4703,1826
4213,4703,1827
4215,4703,1828
4217,4703,1829
4220,4703,1830
4222,4703,1831
4225,4703,1832
4226,4703,1833
4229,4703,1834
4231,4703,1835
4233,4703,1836
4234,4703,1837
4237,4703,1838
4240,4703,1839
4242,4703,1840
4245,4703,1841
4247,4703,1842
4248,4703,1843
4250,4703,1844
4252,4703,1845
4254,4703,1846
4256,4703,1847
4258,4703,1848
4260,4703,1849
4263,4703,1850
4264,4703,1851
4266,4703,1852
4270,4703,1853
4273,4703,1854
4275,4703,1855
4278,4703,1856
4282,4703,1857
4286,4703,1858
4289,4703,1859
4292,4703,1860
4293,4703,1861
4295,4703,1862
4298,4703,1863
4300,4703,1864
4302,4703,1865
4305,4703,1866
4308,4703,1867
4311,4703,1868
4313,4703,1869
4314,4703,1870
4316,4703,1871
4319,4703,1872
4320,4703,1873
4323,4703,1874
4325,4703,1875
4326,4703,1876
4329,4703,1877
4333,4703,1878
4335,4703,1879
4338,4703,1880
4342,4703,1881
4344,4703,1882
4348,4703,1883
4350,4703,1884
4353,4703,1885
4355,4703,1886
4357,4703,1887
4359,4703,1888
4362,4703,1889
4365,4703,1890
4366,4703,1891
4369,4703,1892
4372,4703,1893
4374,4703,1894
4376,4703,1895
4379,4703,1896
4383,4703,1897
4387,4703,1898
4389,4703,1899
4392,4703,1900
4396,4703,1901
4397,4703,1902
4401,4703,1903
4405,4703,1904
4408,4703,1905
4411,4703,1906
4414,4703,1907
4417,4703,1908
4419,4703,1909
4421,4703,1910
4422,4703,1911
4424,4703,1912
4427,4703,1913
4430,4703,1914
4431,4703,1915
4433,4703,1916
4434,4703,1917
4436,4703,1918
4440,4703,1919
4441,4703,1920
4444,4703,1921
4446,4703,1922
4449,4703,1923
4451,4703,1924
4455,4703,1925
4456,4703,1926
4458,4703,1927
4459,4703,1928
4462,4703,1929
4465,4703,1930
4467,4703,1931
4468,4703,1932
4471,4703,1933
4473,4703,1934
4477,4703,1935
4479,4703,1936
4482,4703,1937
4484,4703,1938
4485,4703,1939
4488,4703,1940
4490,4703,1941
4491,4703,1942
4494,4703,1943
4495,4703,1944
4497,4703,1945
4499,4703,1946
4500,4703,1947
4504,4703,1948
4507,4703,1949
4508,4703,1950
4510,4703,1951
4513,4703,1952
4515,4703,1953
4518,4703,1954
4520,4703,1955
4524,4703,1956
4525,4703,1957
4529,4703,1958
4530,4703,1959
4533,4703,1960
4536,4703,1961
4538,4703,1962
4540,4703,1963
4543,4703,1964
4545,4703,1965
4548,4703,1966
4551,4703,1967
4554,4703,1968
4558,4703,1969
4559,4703,1970
4561,4703,1971
4563,4703,1972
4566,4703,1973
4567,4703,1974
4570,4703,1975
4572,4703,1976
4574,4703,1977
4577,4703,1978
4579,4703,1979
4581,4703,1980
4584,4703,1981
4587,4703,1982
4591,4703,1983
4595,4703,1984
4596,4703,1985
4599,4703,1986
4601,4703,1987
4603,4703,1988
4606,4703,1989
4608,4703,1990
4611,4703,1991
4614,4703,1992
4617,4703,1993
4621,4703,1994
4623,4703,1995
4625,4703,1996
4627,4703,1997
4628,4703,1998
4632,4703,1999
4635,4703,2000
4638,4703,2001
4642,4703,2002
4645,4703,2003
4648,4703,2004
4649,4703,2005
4650,4703,2006
4652,4703,2007
4655,4703,2008
4657,4703,2009
4659,4703,2010
4661,4703,2011
4662,4703,2012
4665,4703,2013
4667,4703,2014
4669,4703,2015
4672,4703,2016
4673,4703,2017
4676,4703,2018
4679,4703,2019
4680,4703,2020
4683,4703,2021
4685,4703,2022
4688,4703,2023
4690,4703,2024
4692,4703,2025
4695,4703,2026
4698,4703,2027
4701,4703,2028
4704,4703,2029
4705,4703,2030
4708,4703,2031
4709,4703,2032
4711,4703,2033
4714,4703,2034
4716,4703,2035
4719,4703,2036
4723,4703,2037
4724,4703,2038
4725,4703,2039
4728,4703,2040
4729,4703,2041
4730,4703,2042
4733,4703,2043
4735,4703,2044
4738,4703,2045
4742,4703,2046
4746,4703,2047
4748,4703,2048
4749,4703,2049
4750,4703,2050
4755,4703,2051
4757,4703,2052
4758,4703,2053
4760,4703,2054
4761,4703,2055
4764,4703,2056
4766,4703,2057
4767,4703,2058
4769,4703,2059
4773,4703,2060
4777,4703,2061
4779,4703,2062
4782,4703,2063
4785,4703,2064
4786,4703,2065
4788,4703,2066
4790,4703,2067
4791,4703,2068
4794,4703,2069
4796,4703,2070
4798,4703,2071
4800,4703,2072
4802,4703,2073
4804,4703,2074
4806,4703,2075
4808,4703,2076
4811,4703,2077
4812,4703,2078
4814,4703,2079
4816,4703,2080
4818,4703,2081
4819,4703,2082
4822,4703,2083
4824,4703,2084
4826,4703,2085
4827,4703,2086
4829,4703,2087
4832,4703,2088
4836,4703,2089
4837,4703,2090
4841,4703,2091
4842,4703,2092
4844,4703,2093
4846,4703,2094
4849,4703,2095
4851,4703,2096
4853,4703,2097
4856,4703,2098
4858,4703,2099
4859,4703,2100
4862,4703,2101
4866,4703,2102
4869,4703,2103
4872,4703,2104
4875,4703,2105
4878,4703,2106
4880,4703,2107
4882,4703,2108
4884,4703,2109
4887,4703,2110
4888,4703,2111
4890,4703,2112
4892,4703,2113
4895,4703,2114
4898,4703,2115
4900,4703,2116
4903,4703,2117
4906,4703,2118
4908,4703,2119
4911,4703,2120
4914,4703,2121
4916,4703,2122
4917,4703,2123
4919,4703,2124
4921,4703,2125
4923,4703,2126
4925,4703,2127
4927,4703,2128
4929,4703,2129
4932,4703,2130
4934,4703,2131
4935,4703,2132
4937,4703,2133
4939,4703,2134
4941,4703,2135
4942,4703,2136
4944,4703,2137
4945,4703,2138
4947,4703,2139
4949,4703,2140
4951,4703,2141
4952,4703,2142
4955,4703,2143
4957,4703,2144
4959,4703,2145
4961,4703,2146
4963,4703,2147
4966,4703,2148
4967,4703,2149
4970,4703,2150
4971,4703,2151
4973,4703,2152
4977,4703,2153
4978,4703,2154
4981,4703,2155
4982,4703,2156
4984,4703,2157
4986,4703,2158
4989,4703,2159
4990,4703,2160
4993,4703,2161
4994,4703,2162
4998,4703,2163
5000,4703,2164
5001,4703,2165
5003,4703,2166
5006,4703,2167
5008,4703,2168
5010,4703,2169
5011,4703,2170
5015,4703,2171
5016,4703,2172
5018,4703,2173
5020,4703,2174
5022,4703,2175
5023,4703,2176
5027,4703,2177
5030,4703,2178
5032,4703,2179
5033,4703,2180
5036,4703,2181
5038,4703,2182
5041,4703,2183
5043,4703,2184
5047,4703,2185
5049,4703,2186
5051,4703,2187
5052,4703,2188
5055,4703,2189
5057,4703,2190
5060,4859,2191
5062,4859,2192
5065,4859,2193
5067,4859,2194
5069,4859,2195
5072,4859,2196
5074,4859,2197
5077,4859,2198
5079,4859,2199
5082,4859,2200
5085,4859,2201
5087,4859,2202
5088,4859,2203
5090,4859,2204
5092,4859,2205
5094,4859,2206
5096,4859,2207
5099,4859,2208
5101,4859,2209
5104,4859,2210
5105,4859,2211
5108,4859,2212
5110,4859,2213
5112,4859,2214
5114,4859,2215
5115,4859,2216
5117,4859,2217
5118,4859,2218
5121,4859,2219
5125,4859,2220
5127,4859,2221
5131,4859,2222
5133,4859,2223
5135,4859,2224
5139,4859,2225
5141,4859,2226
5143,4859,2227
5144,4859,2228
5148,4859,2229
5150,4859,2230
5152,4859,2231
5153,4859,2232
5154,4859,2233
5156,4859,2234
5158,4859,2235
5162,4859,2236
5164,4859,2237
5168,4859,2238
5171,4859,2239
5174,4859,2240
5175,4859,2241
5178,4859,2242
5180,4859,2243
5181,4859,2244
5182,4859,2245
5184,4859,2246
5186,4859,2247
5187,4859,2248
5190,4859,2249
5191,4859,2250
5194,4859,2251
5196,4859,2252
5198,4859,2253
5202,4859,2254
5205,4859,2255
5208,4859,2256
5209,4859,2257
5212,4859,2258
5214,4859,2259
5218,4859,2260
5219,4859,2261
5220,4859,2262
5223,4859,2263
5226,4859,2264
5228,4859,2265
5230,4859,2266
5232,4859,2267
5235,4859,2268
5237,4859,2269
5239,4859,2270
5240,4859,2271
5242,4859,2272
5245,4859,2273
5247,4859,2274
5248,4859,2275
5250,4859,2276
5253,4859,2277
5256,4859,2278
5257,4859,2279
5260,4859,2280
5263,4859,2281
5264,4859,2282
5266,4859,2283
5269,4859,2284
5271,4859,2285
5273,4859,2286
5277,4859,2287
5278,4859,2288
5279,4859,2289
5281,4859,2290
5283,4859,2291
5285,4859,2292
5289,4859,2293
5292,4859,2294
5293,4859,2295
5296,4859,2296
5299,4859,2297
5301,4859,2298
5303,4859,2299
5305,4859,2300
5307,4859,2301
5311,4859,2302
5314,4859,2303
5315,4859,2304
5317,4859,2305
5320,4859,2306
5322,4859,2307
5324,4859,2308
5325,4859,2309
5326,4859,2310
5330,4859,2311
5331,4859,2312
5332,4859,2313
5336,4859,2314
5339,4859,2315
5341,4859,2316
5344,4859,2317
5347,4859,2318
5348,4859,2319
5352,4859,2320
5355,4859,2321
5359,4859,2322
5360,4859,2323
5364,4859,2324
5367,4859,2325
5370,4859,2326
5374,4859,2327
5377,4859,2328
5378,4859,2329
5381,4859,2330
5385,4859,2331
5387,4859,2332
5388,4859,2333
5389,4859,2334
5392,4859,2335
5393,4859,2336
5396,4859,2337
5398,4859,2338
5401,4859,2339
5404,4859,2340
5407,4859,2341
5408,4859,2342
5412,4859,2343
5416,4859,2344
5417,4859,2345
5419,4859,2346
5422,4859,2347
5425,4859,2348
5428,4859,2349
5429,4859,2350
5430,4859,2351
5432,4859,2352
5434,4859,2353
5435,4859,2354
5436,4859,2355
5438,4859,2356
5439,4859,2357
5442,4859,2358
5446,4859,2359
5447,4859,2360
5448,4859,2361
5450,4859,2362
5451,4859,2363
5454,4859,2364
5458,4859,2365
5460,4859,2366
5463,4859,2367
5465,4859,2368
5468,4859,2369
5470,4859,2370
5474,4859,2371
5477,4859,2372
5480,4859,2373
5482,4859,2374
5485,4859,2375
5488,4859,2376
5490,4859,2377
5494,4859,2378
5496,4859,2379
5497,4859,2380
5499,4859,2381
5501,4859,2382
5504,4859,2383
5506,4859,2384
5509,4859,2385
5512,4859,2386
5515,4859,2387
5517,4859,2388
5518,4859,2389
5521,4859,2390
5522,4859,2391
5524,4859,2392
5526,4859,2393
5528,4859,2394
5530,4859,2395
5531,4859,2396
5532,4859,2397
5534,4859,2398
5537,4859,2399
5539,4859,2400
5540,4859,2401
5543,4859,2402
5544,4859,2403
5546,4859,2404
5548,4859,2405
5549,4859,2406
5552,4859,2407
5556,4859,2408
5558,4859,2409
5559,4859,2410
5562,4859,2411
5564,4859,2412
5567,4859,2413
5568,4859,2414
5570,4859,2415
5573,4859,2416
5576,4859,2417
5578,4859,2418
5580,4859,2419
5582,4859,2420
5585,4859,2421
5588,4859,2422
5589,4859,2423
5591,4859,2424
5593,4859,2425
5596,4859,2426
5599,4859,2427
5600,4859,2428
5601,4859,2429
5603,4859,2430
5604,4859,2431
5608,4859,2432
5610,4859,2433
5613,4859,2434
5615,4859,2435
5616,4859,2436
5620,4859,2437
5622,4859,2438
5623,4859,2439
5625,4859,2440
5626,4859,2441
5629,4859,2442
5630,4859,2443
5632,4859,2444
5635,4859,2445
5639,4859,2446
5640,4859,2447
5643,4859,2448
5645,4859,2449
5647,4859,2450
5649,4859,2451
5652,4859,2452
5656,4859,2453
5657,4859,2454
5659,4859,2455
5661,4859,2456
5663,4859,2457
5665,4859,2458
5666,4859,2459
5668,4859,2460
5669,4859,2461
5672,4859,2462
5675,4859,2463
5677,4859,2464
5678,4859,2465
5681,4859,2466
5682,4859,2467
5683,4859,2468
5685,4859,2469
5686,4859,2470
5687,4859,2471
5689,4859,2472
5690,4859,2473
5693,4859,2474
5695,4859,2475
5698,4859,2476
5699,4859,2477
5701,4859,2478
5705,4859,2479
5708,4859,2480
5710,4859,2481
5713,4859,2482
5714,4859,2483
5716,4859,2484
5719,4859,2485
5723,4859,2486
5726,4859,2487
5727,4859,2488
5729,4859,2489
5731,4859,2490
5733,4859,2491
5734,4859,2492
5736,4859,2493
5738,4859,2494
5741,4859,2495
5743,4859,2496
5747,4859,2497
5750,4859,2498
5752,4859,2499
5753,4859,2500
5756,4859,2501
5759,4859,2502
5762,4859,2503
5764,4859,2504
5766,4859,2505
5768,4859,2506
5770,4859,2507
5773,4859,2508
5776,4859,2509
5779,4859,2510
5780,4859,2511
5783,4859,2512
5785,4859,2513
5788,4859,2514
5791,4859,2515
5795,4859,2516
5798,4859,2517
5801,4859,2518
5804,4859,2519
5806,4859,2520
5809,4859,2521
5812,4859,2522
5814,4859,2523
5818,4859,2524
5820,4859,2525
5823,4859,2526
5825,4859,2527
5827,4859,2528
5828,4859,2529
5830,4859,2530
5831,4859,2531
5833,4859,2532
5835,4859,2533
5838,4859,2534
5841,4859,2535
5843,4859,2536
5846,4859,2537
5849,4859,2538
5851,4859,2539
5855,4859,2540
5860,4859,2541
5862,4859,2542
5864,4859,2543
5867,4859,2544
5868,4859,2545
5870,4859,2546
5873,4859,2547
5877,4859,2548
5878,4859,2549
5880,4859,2550
5883,4859,2551
5887,4859,2552
5888,4859,2553
5890,4859,2554
5892,4859,2555
5894,4859,2556
5897,4859,2557
5898,4859,2558
5901,4859,2559
5904,4859,2560
5907,4859,2561
5911,4859,2562
5915,4859,2563
5918,4859,2564
5921,4859,2565
5925,4859,2566
5929,4859,2567
5930,4859,2568
5933,4859,2569
5934,4859,2570
5936,4859,2571
5940,4859,2572
5941,4859,2573
5945,4859,2574
5948,4859,2575
5951,4859,2576
5955,4859,2577
5958,4859,2578
5961,4859,2579
5962,4859,2580
5965,4859,2581
5967,4859,2582
5968,4859,2583
5971,4859,2584
5972,4859,2585
5974,4859,2586
5975,4859,2587
5978,4859,2588
5980,4859,2589
5981,4859,2590
5984,4859,2591
5986,4859,2592
5988,4859,2593
5991,4859,2594
5994,4859,2595
5997,4859,2596
6001,4859,2597
6004,4859,2598
6006,4859,2599
6009,4859,2600
6010,4859,2601
6012,4859,2602
6014,4859,2603
6017,4859,2604
6018,4859,2605
6020,4859,2606
6021,4859,2607
6023,4859,2608
6024,4859,2609
6026,4859,2610
6030,4859,2611
6031,4859,2612
6035,4859,2613
6036,4859,2614
6039,4859,2615
6041,4859,2616
6042,4859,2617
6044,4859,2618
6045,4859,2619
6048,4859,2620
6050,4859,2621
6051,4859,2622
6053,4859,2623
6054,4859,2624
6056,4859,2625
6058,4859,2626
6061,4859,2627
6063,4859,2628
6066,4859,2629
6070,4859,2630
6072,4859,2631
6074,4859,2632
6076,4859,2633
6079,4859,2634
6080,4859,2635
6083,4859,2636
6085,4859,2637
6088,4859,2638
6090,4859,2639
6092,4859,2640
6095,4859,2641
6098,4859,2642
6100,4859,2643
6103,4859,2644
6104,4859,2645
6106,4859,2646
6108,4859,2647
6110,4859,2648
6112,4859,2649
6113,4859,2650
6115,4859,2651
6117,4859,2652
6120,4859,2653
6121,4859,2654
6123,4859,2655
6125,4859,2656
6127,4859,2657
6128,4859,2658
6131,4859,2659
6134,4859,2660
6137,4859,2661
6139,4859,2662
6142,4859,2663
6145,4859,2664
6149,4859,2665
6151,4859,2666
6152,4859,2667
6154,4859,2668
6158,4859,2669
6161,4859,2670
6164,4859,2671
6167,4859,2672
6168,4859,2673
6171,4859,2674
6172,4859,2675
6174,4859,2676
6178,4859,2677
6180,4859,2678
6182,4859,2679
6184,4859,2680
6186,4859,2681
6188,4859,2682
6191,4859,2683
6192,4859,2684
6195,4859,2685
6198,4859,2686
6200,4859,2687
6203,4859,2688
6205,4859,2689
6209,4859,2690
6212,4859,2691
6214,4859,2692
6218,4859,2693
6221,4859,2694
6224,4859,2695
6226,4859,2696
6227,4859,2697
6228,4859,2698
6232,4859,2699
6235,4859,2700
6236,4859,2701
6238,4859,2702
6241,4859,2703
6245,4859,2704
6247,4859,2705
6250,4859,2706
6252,4859,2707
6253,4859,2708
6254,4859,2709
6257,4859,2710
6260,4859,2711
6262,4859,2712
6264,4859,2713
6267,4859,2714
6270,4859,2715
6272,4859,2716
6274,4859,2717
6275,4859,2718
6279,4859,2719
6283,4859,2720
6287,4859,2721
6289,4859,2722
6293,4859,2723
6294,4859,2724
6296,4859,2725
6299,4859,2726
6303,4859,2727
6306,4859,2728
6307,4859,2729
6311,4859,2730
6313,4859,2731
6314,4859,2732
6316,4859,2733
6319,4859,2734
6321,4859,2735
6325,4859,2736
6327,4859,2737
6331,4859,2738
6333,4859,2739
6334,4859,2740
6335,4859,2741
6337,4859,2742
6340,4859,2743
6342,4859,2744
6345,4859,2745
6346,4859,2746
6349,4859,2747
6352,4859,2748
6355,4859,2749
6357,4859,2750
6358,4859,2751
6359,4859,2752
6361,4859,2753
6364,4859,2754
6367,4859,2755
6369,4859,2756
6373,4859,2757
6375,4859,2758
6378,4859,2759
6381,4859,2760
6385,4859,2761
6387,4859,2762
6390,4859,2763
6394,4859,2764
6396,4859,2765
6399,4859,2766
6402,4859,2767
6404,4859,2768
6407,4859,2769
6409,4859,2770
6411,4859,2771
6414,4859,2772
6415,4859,2773
6419,4859,2774
6422,4859,2775
6426,4859,2776
6428,4859,2777
6430,4859,2778
6431,4859,2779
6434,4859,2780
6436,4859,2781
6437,4859,2782
6441,4859,2783
6443,4859,2784
6444,4859,2785
6446,4859,2786
6447,4859,2787
6451,4859,2788
6453,4859,2789
6454,4859,2790
6456,4859,2791
6459,4859,2792
6461,4859,2793
6463,4859,2794
6466,4859,2795
6469,4859,2796
6473,4859,2797
6475,4859,2798
6478,4859,2799
6481,4859,2800
6482,4859,2801
6485,4859,2802
6487,4859,2803
6489,4859,2804
6493,4859,2805
6496,4859,2806
6498,4859,2807
6500,4859,2808
6502,4859,2809
6505,4859,2810
6508,4859,2811
6509,4859,2812
6512,4859,2813
6515,4859,2814
6517,4859,2815
6520,4859,2816
6523,4859,2817
6525,4859,2818
6528,4859,2819
6530,4859,2820
6533,4859,2821
6535,4859,2822
6539,4859,2823
6542,4859,2824
6545,4859,2825
6549,4859,2826
6551,4859,2827
6555,4859,2828
6557,4859,2829
6561,4859,2830
6563,4859,2831
6566,4859,2832
6569,4859,2833
6572,4859,2834
6573,4859,2835
6575,4859,2836
6578,4859,2837
6581,4859,2838
6583,4859,2839
6584,4859,2840
6585,4859,2841
6587,4859,2842
6590,4859,2843
6592,4859,2844
6596,4859,2845
6598,4859,2846
6601,4859,2847
6602,4859,2848
6605,4859,2849
6607,4859,2850
6609,4859,2851
6610,4859,2852
6613,4859,2853
6614,4859,2854
6615,4859,2855
6616,4859,2856
6620,4859,2857
6622,4859,2858
6625,4859,2859
6627,4859,2860
6630,4859,2861
6631,4859,2862
6635,4859,2863
6638,4859,2864
6639,4859,2865
6642,4859,2866
6644,4859,2867
6646,4859,2868
6647,4859,2869
6649,4859,2870
6651,4859,2871
6655,4859,2872
6656,4859,2873
6658,4859,2874
6659,4859,2875
6663,4859,2876
6665,4859,2877
6668,4859,2878
6670,4859,2879
6673,4859,2880
6674,4859,2881
6676,4859,2882
6680,4859,2883
6682,4859,2884
6685,4859,2885
6688,4859,2886
6692,4859,2887
6694,4859,2888
6696,4859,2889
6698,4859,2890
6701,4859,2891
6704,4859,2892
6706,4859,2893
6709,4859,2894
6711,4859,2895
6712,4859,2896
6713,4859,2897
6715,4859,2898
6718,4859,2899
6721,4859,2900
6723,4859,2901
6725,4859,2902
6727,4859,2903
6728,4859,2904
6730,4859,2905
6733,4859,2906
6734,4859,2907
6738,4859,2908
6741,4859,2909
6744,4859,2910
6746,4859,2911
6749,4859,2912
6751,4859,2913
6753,4859,2914
6754,4859,2915
6758,4859,2916
6761,4859,2917
6763,4859,2918
6766,4859,2919
6769,4859,2920
6773,4859,2921
6775,4859,2922
6776,4859,2923
6779,4859,2924
6780,4859,2925
6783,4859,2926
6786,4859,2927
6788,4859,2928
6790,4859,2929
6794,4859,2930
6795,4859,2931
6799,4859,2932
6802,4859,2933
6806,4859,2934
6809,4859,2935
6812,4859,2936
6816,4859,2937
6820,4859,2938
6823,4859,2939
6827,4859,2940
6830,4859,2941
6832,4859,2942
6835,4859,2943
6838,4859,2944
6839,4859,2945
6841,4859,2946
6844,4859,2947
6846,4859,2948
6847,4859,2949
6851,4859,2950
6852,4859,2951
6854,4859,2952
6858,4859,2953
6860,4859,2954
6863,4859,2955
6865,4859,2956
6866,4859,2957
6868,4859,2958
6870,4859,2959
6874,4859,2960
6875,4859,2961
6877,4859,2962
6879,4859,2963
6881,4859,2964
6884,4859,2965
6886,4859,2966
6888,4859,2967
6890,4859,2968
6893,4859,2969
6894,4859,2970
6898,4859,2971
6900,4859,2972
6902,4859,2973
6905,4859,2974
6907,4859,2975
6909,4859,2976
6912,4859,2977
6914,4859,2978
6916,4859,2979
6918,4859,2980
6921,4859,2981
6923,4859,2982
6925,4859,2983
6927,4859,2984
6930,4859,2985
6931,4859,2986
6933,4859,2987
6935,4859,2988
6937,4859,2989
6939,4859,2990
6941,4859,2991
6944,4859,2992
6945,4859,2993
6948,4859,2994
6949,4859,2995
6951,4859,2996
6955,4859,2997
6957,4859,2998
6959,4859,2999
6961,4859,3000
6962,4859,3001
6964,4859,3002
6967,4859,3003
6970,4859,3004
6973,4859,3005
6974,4859,3006
6977,4859,3007
6980,4859,3008
6983,4859,3009
6984,4859,3010
6986,4859,3011
6987,4859,3012
6990,4859,3013
6992,4859,3014
6996,4859,3015
6998,4859,3016
6999,4859,3017
7002,4859,3018
7003,4859,3019
7005,4859,3020
7008,4859,3021
7011,4859,3022
7012,4859,3023
7014,4859,3024
7016,4859,3025
7017,4859,3026
7019,4859,3027
7022,4859,3028
7025,4859,3029
7026,4859,3030
7028,4859,3031
7029,4859,3032
7032,4859,3033
7034,4859,3034
7037,4859,3035
7039,4859,3036
7041,4859,3037
7043,4859,3038
7045,4859,3039
7049,4859,3040
7051,4859,3041
7053,4859,3042
7056,4859,3043
7058,4859,3044
7060,4859,3045
7064,4859,3046
7066,4859,3047
7068,4859,3048
7072,4859,3049
7074,4859,3050
7076,4859,3051
7077,4859,3052
7079,4859,3053
7082,4859,3054
7086,4859,3055
7088,4859,3056
7090,4859,3057
7092,4859,3058
7094,4859,3059
7097,4859,3060
7099,4859,3061
7102,4859,3062
7106,4859,3063
7109,4859,3064
7112,4859,3065
7115,4859,3066
7118,4859,3067
7120,4859,3068
7122,4859,3069
7123,4859,3070
7124,4859,3071
7127,4859,3072
7129,4859,3073
7130,4859,3074
7134,4859,3075
7136,4859,3076
7137,4859,3077
7141,4859,3078
7143,4859,3079
7144,4859,3080
7146,4859,3081
7150,4859,3082
7153,4859,3083
7155,4859,3084
7157,4859,3085
7159,4859,3086
7161,4859,3087
7162,4859,3088
7164,4859,3089
7165,4859,3090
7167,4859,3091
7168,4859,3092
7171,4859,3093
7173,4859,3094
7174,4859,3095
7177,4859,3096
7181,4859,3097
7182,4859,3098
7184,4859,3099
7187,4859,3100
7190,4859,3101
7192,4859,3102
7193,4859,3103
7196,4859,3104
7199,4859,3105
7200,4859,3106
